"volunteer_id","unit_no","name","date_of_birth","gender","email","joining_date","current_year","password"
1095,3,Ava Adams,2005-12-01,F,ava.adams@gmail.com,2021-06-20,1,$2b$10$NRaSbti42X2m7HXafjCVyeeMC2gjjbFCHpqIDZLs8balH.AsD2dYW
1096,3,Benjamin Walker,2006-01-15,M,benjamin.walker@gmail.com,2021-06-20,1,$2b$10$NRaSbti42X2m7HXafjCVyeeMC2gjjbFCHpqIDZLs8balH.AsD2dYW
1097,3,Harper Garcia,2006-03-01,F,harper.garcia@gmail.com,2021-06-20,1,$2b$10$NRaSbti42X2m7HXafjCVyeeMC2gjjbFCHpqIDZLs8balH.AsD2dYW
1084,2,Ethan Hernandez,2004-07-15,M,ethan.hernandez@gmail.com,2021-06-20,2,$2b$10$NRaSbti42X2m7HXafjCVyeeMC2gjjbFCHpqIDZLs8balH.AsD2dYW
1085,2,Isabella Martinez,2004-09-01,F,isabella.martinez@gmail.com,2021-06-20,2,$2b$10$NRaSbti42X2m7HXafjCVyeeMC2gjjbFCHpqIDZLs8balH.AsD2dYW
1087,2,Charlotte Johnson,2004-12-01,F,charlotte.johnson@gmail.com,2021-06-20,2,$2b$10$NRaSbti42X2m7HXafjCVyeeMC2gjjbFCHpqIDZLs8balH.AsD2dYW
1088,2,Jacob Thompson,2005-01-15,M,jacob.thompson@gmail.com,2021-06-20,2,$2b$10$NRaSbti42X2m7HXafjCVyeeMC2gjjbFCHpqIDZLs8balH.AsD2dYW
1089,2,Amelia Harris,2005-03-01,F,amelia.harris@gmail.com,2021-06-20,2,$2b$10$NRaSbti42X2m7HXafjCVyeeMC2gjjbFCHpqIDZLs8balH.AsD2dYW
1090,2,William Davis,2005-04-15,M,william.davis@gmail.com,2021-06-20,2,$2b$10$NRaSbti42X2m7HXafjCVyeeMC2gjjbFCHpqIDZLs8balH.AsD2dYW
1091,2,Olivia Rodriguez,2005-06-01,F,olivia.rodriguez@gmail.com,2021-06-20,2,$2b$10$NRaSbti42X2m7HXafjCVyeeMC2gjjbFCHpqIDZLs8balH.AsD2dYW
1092,2,Michael Martinez,2005-07-15,M,michael.martinez@gmail.com,2021-06-20,2,$2b$10$NRaSbti42X2m7HXafjCVyeeMC2gjjbFCHpqIDZLs8balH.AsD2dYW
1093,2,Sophia Turner,2005-09-01,F,sophia.turner@gmail.com,2021-06-20,2,$2b$10$NRaSbti42X2m7HXafjCVyeeMC2gjjbFCHpqIDZLs8balH.AsD2dYW
1094,2,Elijah Wright,2005-10-15,M,elijah.wright@gmail.com,2021-06-20,2,$2b$10$NRaSbti42X2m7HXafjCVyeeMC2gjjbFCHpqIDZLs8balH.AsD2dYW
1086,2,James Young,2004-10-15,M,james.young1@gmail.com,2021-06-20,2,$2b$10$NRaSbti42X2m7HXafjCVyeeMC2gjjbFCHpqIDZLs8balH.AsD2dYW
1098,2,Liam Wilson,2002-01-10,M,liam.wilson@gmail.com,2021-06-20,1,$2b$10$NRaSbti42X2m7HXafjCVyeeMC2gjjbFCHpqIDZLs8balH.AsD2dYW
1099,2,Olivia Lopez,2002-02-25,F,olivia.lopez@gmail.com,2021-06-20,1,$2b$10$NRaSbti42X2m7HXafjCVyeeMC2gjjbFCHpqIDZLs8balH.AsD2dYW
1001,1,Emma Johnson,2002-05-15,F,emma.johnson@gmail.com,2021-06-20,3,$2b$10$NRaSbti42X2m7HXafjCVyeeMC2gjjbFCHpqIDZLs8balH.AsD2dYW
1071,1,Olivia Young,2002-12-01,F,olivia.young1@gmail.com,2021-06-20,3,$2b$10$NRaSbti42X2m7HXafjCVyeeMC2gjjbFCHpqIDZLs8balH.AsD2dYW
1072,1,Elijah King,2003-01-15,M,elijah.king@gmail.com,2021-06-20,3,$2b$10$NRaSbti42X2m7HXafjCVyeeMC2gjjbFCHpqIDZLs8balH.AsD2dYW
1073,1,Charlotte Garcia,2003-03-01,F,charlotte.garcia@gmail.com,2021-06-20,3,$2b$10$NRaSbti42X2m7HXafjCVyeeMC2gjjbFCHpqIDZLs8balH.AsD2dYW
1074,1,Logan Hill,2003-04-15,M,logan.hill@gmail.com,2021-06-20,3,$2b$10$NRaSbti42X2m7HXafjCVyeeMC2gjjbFCHpqIDZLs8balH.AsD2dYW
1075,1,Amelia Clark,2003-06-01,F,amelia.clark@gmail.com,2021-06-20,3,$2b$10$NRaSbti42X2m7HXafjCVyeeMC2gjjbFCHpqIDZLs8balH.AsD2dYW
1076,1,Lucas Martinez,2003-07-15,M,lucas.martinez@gmail.com,2021-06-20,3,$2b$10$NRaSbti42X2m7HXafjCVyeeMC2gjjbFCHpqIDZLs8balH.AsD2dYW
2022103017,1,sharu,2024-05-02,M,sharu@gmail.com,2024-05-12,,$2b$10$R3ZLNdJMooUXgZlP8TcEseQjMNUpl9PaoZmubnOL5h6TBXeGEQua2
1070,2,William Martinez,2002-10-15,M,william.martinez@gmail.com,2021-06-20,3,$2b$10$NRaSbti42X2m7HXafjCVyeeMC2gjjbFCHpqIDZLs8balH.AsD2dYW
1077,1,Mia White,2003-09-01,F,mia.white@gmail.com,2021-06-20,4,$2b$10$NRaSbti42X2m7HXafjCVyeeMC2gjjbFCHpqIDZLs8balH.AsD2dYW
1002,1,James Smith,2002-07-25,M,james.smith@gmail.com,2021-06-20,4,$2b$10$NRaSbti42X2m7HXafjCVyeeMC2gjjbFCHpqIDZLs8balH.AsD2dYW
1003,1,Sophia Anderson,2002-09-10,F,sophia.anderson@gmail.com,2021-06-20,4,$2b$10$NRaSbti42X2m7HXafjCVyeeMC2gjjbFCHpqIDZLs8balH.AsD2dYW
1004,1,Noah Brown,2002-11-03,M,noah.brown@gmail.com,2021-06-20,4,$2b$10$NRaSbti42X2m7HXafjCVyeeMC2gjjbFCHpqIDZLs8balH.AsD2dYW
1005,1,Olivia Martinez,2002-12-20,F,olivia.martinez@gmail.com,2021-06-20,4,$2b$10$NRaSbti42X2m7HXafjCVyeeMC2gjjbFCHpqIDZLs8balH.AsD2dYW
1006,3,William Davis,2003-02-05,M,william.davis1@gmail.com,2022-06-20,4,$2b$10$NRaSbti42X2m7HXafjCVyeeMC2gjjbFCHpqIDZLs8balH.AsD2dYW
1009,3,Ava Harris,2003-06-25,F,ava.harris1@gmail.com,2022-06-20,4,$2b$10$NRaSbti42X2m7HXafjCVyeeMC2gjjbFCHpqIDZLs8balH.AsD2dYW
1007,3,Amelia White,2003-03-20,F,amelia.white@gmail.com,2022-06-20,4,$2b$10$NRaSbti42X2m7HXafjCVyeeMC2gjjbFCHpqIDZLs8balH.AsD2dYW
1036,3,Liam Clark,2003-06-12,M,liam.clark@gmail.com,2022-06-20,3,$2b$10$NRaSbti42X2m7HXafjCVyeeMC2gjjbFCHpqIDZLs8balH.AsD2dYW
1037,3,Ava Turner,2003-08-01,F,ava.turner@gmail.com,2022-06-20,3,$2b$10$NRaSbti42X2m7HXafjCVyeeMC2gjjbFCHpqIDZLs8balH.AsD2dYW
1038,3,Oliver Wilson,2003-09-15,M,oliver.wilson@gmail.com,2022-06-20,3,$2b$10$NRaSbti42X2m7HXafjCVyeeMC2gjjbFCHpqIDZLs8balH.AsD2dYW
1008,1,Ethan Thomas,2003-05-10,M,ethan.thomas@gmail.com,2022-06-20,2,$2b$10$NRaSbti42X2m7HXafjCVyeeMC2gjjbFCHpqIDZLs8balH.AsD2dYW
1011,1,Mia Garcia,2003-09-23,F,mia.garcia@gmail.com,2022-06-20,2,$2b$10$NRaSbti42X2m7HXafjCVyeeMC2gjjbFCHpqIDZLs8balH.AsD2dYW
1012,1,Benjamin Rodriguez,2003-11-05,M,benjamin.rodriguez@gmail.com,2022-06-20,2,$2b$10$NRaSbti42X2m7HXafjCVyeeMC2gjjbFCHpqIDZLs8balH.AsD2dYW
1013,1,Ella Martinez,2003-12-20,F,ella.martinez@gmail.com,2022-06-20,2,$2b$10$NRaSbti42X2m7HXafjCVyeeMC2gjjbFCHpqIDZLs8balH.AsD2dYW
1039,3,Sophia Lee,2003-11-28,F,sophia.lee@gmail.com,2022-06-20,3,$2b$10$NRaSbti42X2m7HXafjCVyeeMC2gjjbFCHpqIDZLs8balH.AsD2dYW
1040,3,Noah Patel,2004-01-10,M,noah.patel@gmail.com,2022-06-20,3,$2b$10$NRaSbti42X2m7HXafjCVyeeMC2gjjbFCHpqIDZLs8balH.AsD2dYW
1041,3,Isabella Harris,2004-03-25,F,isabella.harris1@gmail.com,2022-06-20,2,$2b$10$NRaSbti42X2m7HXafjCVyeeMC2gjjbFCHpqIDZLs8balH.AsD2dYW
1042,3,Lucas Turner,2004-05-08,M,lucas.turner@gmail.com,2022-06-20,2,$2b$10$NRaSbti42X2m7HXafjCVyeeMC2gjjbFCHpqIDZLs8balH.AsD2dYW
1034,2,Daniel Taylor,2002-03-05,M,daniel.taylor@gmail.com,2021-06-20,3,$2b$10$NRaSbti42X2m7HXafjCVyeeMC2gjjbFCHpqIDZLs8balH.AsD2dYW
1035,2,Ava Wilson,2002-04-18,F,ava.wilson@gmail.com,2021-06-20,3,$2b$10$NRaSbti42X2m7HXafjCVyeeMC2gjjbFCHpqIDZLs8balH.AsD2dYW
1043,3,Sophia Martinez,2004-06-20,F,sophia.martinez@gmail.com,2022-06-20,2,$2b$10$NRaSbti42X2m7HXafjCVyeeMC2gjjbFCHpqIDZLs8balH.AsD2dYW
1044,3,Mason Clark,2004-08-02,M,mason.clark@gmail.com,2022-06-20,2,$2b$10$NRaSbti42X2m7HXafjCVyeeMC2gjjbFCHpqIDZLs8balH.AsD2dYW
1010,3,Daniel Martin,2003-08-08,M,daniel.martin@gmail.com,2022-06-20,2,$2b$10$NRaSbti42X2m7HXafjCVyeeMC2gjjbFCHpqIDZLs8balH.AsD2dYW
1014,1,Lucas Thompson,2004-02-12,M,lucas.thompson@gmail.com,2023-06-20,2,$2b$10$NRaSbti42X2m7HXafjCVyeeMC2gjjbFCHpqIDZLs8balH.AsD2dYW
1015,1,Chloe Turner,2004-04-01,F,chloe.turner@gmail.com,2023-06-20,2,$2b$10$NRaSbti42X2m7HXafjCVyeeMC2gjjbFCHpqIDZLs8balH.AsD2dYW
1016,1,Mason Baker,2004-05-15,M,mason.baker@gmail.com,2023-06-20,2,$2b$10$NRaSbti42X2m7HXafjCVyeeMC2gjjbFCHpqIDZLs8balH.AsD2dYW
1049,2,Amelia Anderson,2005-03-07,F,amelia.anderson@gmail.com,2022-06-20,2,$2b$10$NRaSbti42X2m7HXafjCVyeeMC2gjjbFCHpqIDZLs8balH.AsD2dYW
1054,2,William Richardson,2005-10-12,M,william.richardson@gmail.com,2022-06-20,3,$2b$10$NRaSbti42X2m7HXafjCVyeeMC2gjjbFCHpqIDZLs8balH.AsD2dYW
1017,1,Ava Green,2004-06-30,F,ava.green@gmail.com,2023-06-20,2,$2b$10$NRaSbti42X2m7HXafjCVyeeMC2gjjbFCHpqIDZLs8balH.AsD2dYW
1018,1,Elijah Hill,2004-08-12,M,elijah.hill@gmail.com,2023-06-20,2,$2b$10$NRaSbti42X2m7HXafjCVyeeMC2gjjbFCHpqIDZLs8balH.AsD2dYW
1019,1,Amelia Nelson,2004-09-25,F,amelia.nelson@gmail.com,2023-06-20,2,$2b$10$NRaSbti42X2m7HXafjCVyeeMC2gjjbFCHpqIDZLs8balH.AsD2dYW
1020,1,Logan Cooper,2004-11-08,M,logan.cooper@gmail.com,2023-06-20,2,$2b$10$NRaSbti42X2m7HXafjCVyeeMC2gjjbFCHpqIDZLs8balH.AsD2dYW
1021,1,Ella Rivera,2004-12-20,F,ella.rivera@gmail.com,2023-06-20,2,$2b$10$NRaSbti42X2m7HXafjCVyeeMC2gjjbFCHpqIDZLs8balH.AsD2dYW
1022,1,Jackson Ward,2005-02-03,M,jackson.ward@gmail.com,2024-06-20,1,$2b$10$NRaSbti42X2m7HXafjCVyeeMC2gjjbFCHpqIDZLs8balH.AsD2dYW
1023,1,Sophia Coleman,2005-03-18,F,sophia.coleman@gmail.com,2024-06-20,1,$2b$10$NRaSbti42X2m7HXafjCVyeeMC2gjjbFCHpqIDZLs8balH.AsD2dYW
1024,1,Mason Bennett,2005-05-01,M,mason.bennett@gmail.com,2024-06-20,1,$2b$10$NRaSbti42X2m7HXafjCVyeeMC2gjjbFCHpqIDZLs8balH.AsD2dYW
1025,1,Ava Griffin,2005-06-15,F,ava.griffin@gmail.com,2024-06-20,1,$2b$10$NRaSbti42X2m7HXafjCVyeeMC2gjjbFCHpqIDZLs8balH.AsD2dYW
1026,1,Elijah Reyes,2005-07-30,M,elijah.reyes@gmail.com,2024-06-20,1,$2b$10$NRaSbti42X2m7HXafjCVyeeMC2gjjbFCHpqIDZLs8balH.AsD2dYW
1027,1,Harper Henderson,2005-09-12,F,harper.henderson@gmail.com,2024-06-20,1,$2b$10$NRaSbti42X2m7HXafjCVyeeMC2gjjbFCHpqIDZLs8balH.AsD2dYW
1028,1,Henry Torres,2005-10-25,M,henry.torres@gmail.com,2024-06-20,1,$2b$10$NRaSbti42X2m7HXafjCVyeeMC2gjjbFCHpqIDZLs8balH.AsD2dYW
1029,1,Scarlett Murphy,2006-01-08,F,scarlett.murphy@gmail.com,2024-06-20,1,$2b$10$NRaSbti42X2m7HXafjCVyeeMC2gjjbFCHpqIDZLs8balH.AsD2dYW
1081,3,Avery Hall,2004-03-01,F,avery.hall@gmail.com,2021-06-20,1,$2b$10$NRaSbti42X2m7HXafjCVyeeMC2gjjbFCHpqIDZLs8balH.AsD2dYW
1030,1,Jack Sanchez,2006-03-22,M,jack.sanchez@gmail.com,2024-06-20,1,$2b$10$NRaSbti42X2m7HXafjCVyeeMC2gjjbFCHpqIDZLs8balH.AsD2dYW
1031,1,Penelope Perry,2006-05-05,F,penelope.perry@gmail.com,2024-06-20,1,$2b$10$NRaSbti42X2m7HXafjCVyeeMC2gjjbFCHpqIDZLs8balH.AsD2dYW
1032,1,Henry Reed,2006-06-18,M,henry.reed@gmail.com,2024-06-20,1,$2b$10$NRaSbti42X2m7HXafjCVyeeMC2gjjbFCHpqIDZLs8balH.AsD2dYW
1046,2,William Brown,2004-10-28,M,william.brown@gmail.com,2022-06-20,3,$2b$10$NRaSbti42X2m7HXafjCVyeeMC2gjjbFCHpqIDZLs8balH.AsD2dYW
1047,2,Ava Garcia,2004-12-10,F,ava.garcia@gmail.com,2022-06-20,3,$2b$10$NRaSbti42X2m7HXafjCVyeeMC2gjjbFCHpqIDZLs8balH.AsD2dYW
1048,2,Henry Martinez,2005-01-23,M,henry.martinez@gmail.com,2022-06-20,3,$2b$10$NRaSbti42X2m7HXafjCVyeeMC2gjjbFCHpqIDZLs8balH.AsD2dYW
1061,2,Samantha Cook,2006-08-12,F,samantha.cook@gmail.com,2022-06-20,3,$2b$10$NRaSbti42X2m7HXafjCVyeeMC2gjjbFCHpqIDZLs8balH.AsD2dYW
1062,2,David Lopez,2006-09-25,M,david.lopez@gmail.com,2022-06-20,3,$2b$10$NRaSbti42X2m7HXafjCVyeeMC2gjjbFCHpqIDZLs8balH.AsD2dYW
1063,2,Madison Young,2006-11-07,F,madison.young@gmail.com,2022-06-20,3,$2b$10$NRaSbti42X2m7HXafjCVyeeMC2gjjbFCHpqIDZLs8balH.AsD2dYW
1064,3,Oliver Adams,2002-01-15,M,oliver.adams@gmail.com,2021-06-20,4,$2b$10$NRaSbti42X2m7HXafjCVyeeMC2gjjbFCHpqIDZLs8balH.AsD2dYW
1078,3,Benjamin Thompson,2003-10-15,M,benjamin.thompson@gmail.com,2021-06-20,4,$2b$10$NRaSbti42X2m7HXafjCVyeeMC2gjjbFCHpqIDZLs8balH.AsD2dYW
1079,3,Ella Johnson,2003-12-01,F,ella.johnson@gmail.com,2021-06-20,4,$2b$10$NRaSbti42X2m7HXafjCVyeeMC2gjjbFCHpqIDZLs8balH.AsD2dYW
1080,3,Daniel Rodriguez,2004-01-15,M,daniel.rodriguez@gmail.com,2021-06-20,4,$2b$10$NRaSbti42X2m7HXafjCVyeeMC2gjjbFCHpqIDZLs8balH.AsD2dYW
1082,3,Alexander Lee,2004-04-15,M,alexander.lee@gmail.com,2021-06-20,1,$2b$10$NRaSbti42X2m7HXafjCVyeeMC2gjjbFCHpqIDZLs8balH.AsD2dYW
1083,3,Madison Turner,2004-06-01,F,madison.turner@gmail.com,2021-06-20,1,$2b$10$NRaSbti42X2m7HXafjCVyeeMC2gjjbFCHpqIDZLs8balH.AsD2dYW
1051,2,Charlotte King,2005-06-03,F,charlotte.king@gmail.com,2022-06-20,2,$2b$10$NRaSbti42X2m7HXafjCVyeeMC2gjjbFCHpqIDZLs8balH.AsD2dYW
1053,2,Ella Cooper,2005-08-29,F,ella.cooper@gmail.com,2022-06-20,2,$2b$10$NRaSbti42X2m7HXafjCVyeeMC2gjjbFCHpqIDZLs8balH.AsD2dYW
1045,1,Olivia Taylor,2004-09-15,F,olivia.taylor@gmail.com,2022-06-20,3,$2b$10$NRaSbti42X2m7HXafjCVyeeMC2gjjbFCHpqIDZLs8balH.AsD2dYW
1050,1,Ethan Rodriguez,2005-04-20,M,ethan.rodriguez@gmail.com,2022-06-20,3,$2b$10$NRaSbti42X2m7HXafjCVyeeMC2gjjbFCHpqIDZLs8balH.AsD2dYW
1052,1,Logan Young,2005-07-16,M,logan.young@gmail.com,2022-06-20,3,$2b$10$NRaSbti42X2m7HXafjCVyeeMC2gjjbFCHpqIDZLs8balH.AsD2dYW
1033,2,Emma Smith,2002-01-20,F,emma.smith@gmail.com,2021-06-20,3,$2b$10$NRaSbti42X2m7HXafjCVyeeMC2gjjbFCHpqIDZLs8balH.AsD2dYW
1055,3,Emily Hill,2005-11-25,F,emily.hill@gmail.com,2022-06-20,3,$2b$10$NRaSbti42X2m7HXafjCVyeeMC2gjjbFCHpqIDZLs8balH.AsD2dYW
1056,3,Michael Morris,2006-01-07,M,michael.morris@gmail.com,2022-06-20,3,$2b$10$NRaSbti42X2m7HXafjCVyeeMC2gjjbFCHpqIDZLs8balH.AsD2dYW
1057,3,Abigail Carter,2006-02-20,F,abigail.carter@gmail.com,2022-06-20,3,$2b$10$NRaSbti42X2m7HXafjCVyeeMC2gjjbFCHpqIDZLs8balH.AsD2dYW
1058,3,Daniel Nelson,2006-04-04,M,daniel.nelson@gmail.com,2022-06-20,3,$2b$10$NRaSbti42X2m7HXafjCVyeeMC2gjjbFCHpqIDZLs8balH.AsD2dYW
1059,3,Elizabeth Mitchell,2006-05-17,F,elizabeth.mitchell@gmail.com,2022-06-20,3,$2b$10$NRaSbti42X2m7HXafjCVyeeMC2gjjbFCHpqIDZLs8balH.AsD2dYW
1060,3,Alexander Perez,2006-06-30,M,alexander.perez@gmail.com,2022-06-20,3,$2b$10$NRaSbti42X2m7HXafjCVyeeMC2gjjbFCHpqIDZLs8balH.AsD2dYW
1107,2,Charlotte Martinez,2003-02-25,F,charlotte.martinez@gmail.com,2021-06-20,1,$2b$10$NRaSbti42X2m7HXafjCVyeeMC2gjjbFCHpqIDZLs8balH.AsD2dYW
1108,2,Logan Thompson,2003-04-10,M,logan.thompson@gmail.com,2021-06-20,1,$2b$10$NRaSbti42X2m7HXafjCVyeeMC2gjjbFCHpqIDZLs8balH.AsD2dYW
1100,2,Noah Hill,2002-04-10,M,noah.hill@gmail.com,2021-06-20,1,$2b$10$NRaSbti42X2m7HXafjCVyeeMC2gjjbFCHpqIDZLs8balH.AsD2dYW
1101,2,Emma Garcia,2002-05-25,F,emma.garcia@gmail.com,2021-06-20,1,$2b$10$NRaSbti42X2m7HXafjCVyeeMC2gjjbFCHpqIDZLs8balH.AsD2dYW
1102,2,Mason Martinez,2002-07-10,M,mason.martinez@gmail.com,2021-06-20,1,$2b$10$NRaSbti42X2m7HXafjCVyeeMC2gjjbFCHpqIDZLs8balH.AsD2dYW
